<?xml version="1.0" encoding="utf-8"?>
<MRiLabSeq Name="PSD_GRE3D" Notes="3D gradient echo sequence">
   <CVs CV1="10e-3" CV10="0" CV11="0" CV12="0" CV13="0" CV14="0" CV2="20e-3" CV3="0" CV4="0" CV5="0" CV6="0" CV7="0" CV8="0" CV9="0"/>
   <Specials RTRecon="^1"/>
   <Pulses Freq="1" Notes="regular TR section" Switch="$1'on','off'" TREnd="Inf" TRStart="1" tE="VCtl.TR" tS="0">
      <rf>
         <rfSinc AnchorTE="$1'on','off'" Apod="$1'Non','Hamming','Hanning'" CoilID="1" DupSpacing="0" Duplicates="1" FA="VCtl.FlipAng" Notes="excitation rf" Switch="$1'on','off'" TBP="4" dt="20e-6" rfFreq="0" rfPhase="0" tEnd="1e-3" tStart="0"/>
      </rf>
      <GzSS>
         <GzCartesian DupSpacing="0" Duplicates="1" Gz1Sign="1" Gz2Sign="0" Notes="cartesian phase" Switch="$1'on','off'" t1End="CV2" t1Start="CV1" t2End="VCtl.TE+CV2" t2Start="VCtl.TE+CV1" tRamp="100e-6"/>
      </GzSS>
      <GyPE>
         <GyCartesian DupSpacing="0" Duplicates="1" Gy1Sign="1" Gy2Sign="0" Notes="cartesian phase" Switch="$1'on','off'" t1End="CV2" t1Start="CV1" t2End="VCtl.TE+CV2" t2Start="VCtl.TE+CV1" tRamp="100e-6"/>
      </GyPE>
      <GxR>
         <GxCartesian DupSpacing="0" Duplicates="1" Gx1Sign="-1" Gx2Sign="1" Gx3Sign="0" Notes="cartesian frequency" Switch="$1'on','off'" t1Start="CV1" t2Middle="VCtl.TE" t3Start="VCtl.TE+CV1" tRamp="100e-6"/>
      </GxR>
      <ADC>
         <ADCCartesian DupSpacing="0" Duplicates="1" Notes="cartesian readout" Switch="$1'on','off'" tMiddle="VCtl.TE"/>
      </ADC>
      <Ext>
         <ExtBit DupSpacing="0" Duplicates="1" Ext="1" Notes="reset K space location" Switch="$1'on','off'" tStart="CV1/2"/>
         <ExtBit DupSpacing="0" Duplicates="1" Ext="5" Notes="calculate remaining scan time" Switch="$1'on','off'" tStart="0"/>
         <ExtBit DupSpacing="0" Duplicates="1" Ext="8" Notes="trigger object motion" Switch="$1'on','off'" tStart="0.1"/>
      </Ext>
   </Pulses>
</MRiLabSeq>